{
	"class_name" : "PinholeCameraParameters",
	"extrinsic" : 
	[
		-0.88207152152589519,
		0.14879399290032425,
		0.44700131833113277,
		0.0,
		-0.13315242718408787,
		-0.98886777209587107,
		0.066415061884595908,
		0.0,
		0.45190736002855564,
		-0.00093647580149544541,
		0.89206438162561719,
		0.0,
		-0.61118821641265797,
		-0.59013073123308635,
		-2.9005503641776218,
		1.0
	],
	"intrinsic" : 
	{
		"height" : 720,
		"intrinsic_matrix" : 
		[
			623.53829072479584,
			0.0,
			0.0,
			0.0,
			623.53829072479584,
			0.0,
			639.5,
			359.5,
			1.0
		],
		"width" : 1280
	},
	"version_major" : 1,
	"version_minor" : 0
}